text,label
"Furthermore, the robustness of the proposed model has been verified through extensive cross-validation procedures.",ai
The experimental results validate the theoretical foundations upon which this research is based.,ai
This paper presents a novel approach to addressing the challenges associated with large-scale data processing.,ai
I think the best part of traveling is meeting new people and hearing their stories.,human
"Based on the aforementioned observations, we can conclude that the systematic application of deep learning techniques yields superior results.",ai
The systematic review of existing literature reveals a significant gap in current understanding of this phenomenon.,ai
I've always been fascinated by astronomy - the idea that we're just a tiny part of something so vast.,human
My dog always knows when I'm feeling sad - she comes and sits right next to me.,human
"Sometimes the simplest moments, like laughing with friends, are the ones I treasure most.",human
The empirical evidence suggests that the implementation of automated systems can significantly reduce processing time while maintaining accuracy.,ai
"When I first started learning to code, I made so many mistakes but each error taught me something new.",human
"In summary, the findings of this research contribute to the growing body of knowledge in the field of artificial intelligence.",ai
Our analysis indicates that the incorporation of advanced techniques leads to measurable improvements in outcomes.,ai
"I've been trying to learn guitar for months now, and I can finally play a few songs!",human
"I remember being terrified on my first day at the new job, but everyone was so welcoming.",human
The proposed framework leverages state-of-the-art algorithms to achieve unprecedented levels of performance in classification tasks.,ai
"In light of these findings, we recommend the adoption of machine learning methodologies in practical applications.",ai
The concert last night was amazing! The band played all my favorite songs and the crowd was so energetic.,human
The implementation of machine learning algorithms requires careful consideration of various hyperparameters and their optimal configuration.,ai
There's nothing quite like the feeling of finishing a difficult project after weeks of hard work.,human
This comprehensive study examines the multifaceted implications of technological advancement in contemporary educational paradigms.,ai
"Consequently, the results obtained from our experiments demonstrate the efficacy of the proposed approach.",ai
"In conclusion, the utilization of advanced computational methods has demonstrated significant improvements in predictive accuracy across multiple domains.",ai
Sometimes I wonder what life would be like if I had made different choices along the way.,human
"My grandmother used to make the best apple pie, and I still remember the smell of cinnamon filling the kitchen.",human
"Furthermore, it is important to note that the integration of artificial intelligence technologies can substantially enhance operational efficiency.",ai
The sunset yesterday was absolutely breathtaking - all shades of orange and pink across the sky.,human
"Last summer we took a road trip across the country, and it was the best decision we ever made.",human
The analysis reveals that the proposed methodology outperforms existing baseline approaches in terms of both accuracy and computational efficiency.,ai
Coffee in the morning has become my little ritual - I can't imagine starting the day without it.,human
"I'm not sure why, but I've always loved rainy days - there's something cozy about staying inside with a good book.",human
"My mom always says that good things come to those who wait, and I'm starting to believe her.",human
The methodology employed in this study adheres to established protocols and best practices in the field.,ai
"Yesterday I went hiking with friends and we got completely lost, but it turned out to be a fun adventure!",human
The quantitative analysis demonstrates a statistically significant correlation between the variables under investigation.,ai
I really enjoyed reading this book because the characters felt so real and relatable.,human
It is worth noting that the integration of natural language processing techniques has revolutionized the field of text analysis.,ai
The data presented herein supports the hypothesis that automated systems can achieve human-level performance.,ai
"Growing up in a small town had its challenges, but I wouldn't trade those memories for anything.",human
My favorite childhood memory is playing in the backyard with my siblings until the streetlights came on.,human
